{"target_distribution":{"0":{"pos_args":["a","b"],"neg_args":["c"],"rating":10},"1":{"pos_args":["a","b"],"neg_args":["c"],"rating":10}},"always_true":{"0":[[["a","c"]],[["b","c"]]],"1":[[["a","c"]],[["b","c"]]]},"noObservations":{"0":5,"1":10},"appearance":{"0":0.75,"1":0.25},"graph_probabilities_dict":{"0":{"2.5":[0.1806499729,0.4114465518,0.1964657218,0.1391208559,0.137281354,0.2097178218,0.4164215052,0.2541658306,0.1867981926,0.3546364585,0.4963703281,0.0761519528,0.2086955975,0.4938291948,0.5590765178,0.4427179432,0.3050274487,0.2010058461,0.2164561735,0.1269393049,0.6840687497,0.0929075837,0.1923458988,0.2926645295,0.2278368326,0.1993155754,0.1925229478,0.0967918403,0.2376319555,0.5737172107,0.3455152284,0.4890293952,0.2546731103,0.7738483663,0.1793363901,0.1564368578,0.4966659507,0.1150841882,0.1869575045,0.1544781066,0.416617582,0.0873015657,0.3541263734,0.4854420741,0.4445170083,0.3951478341,0.204025737,0.3288715589,0.1522331034,0.523344962,0.157754537,0.1923215013,0.4141371909,0.4705472646,0.1288630884,0.3819562661,0.4680639383,0.1256431157,0.1199966669,0.1957870229,0.259582924,0.2406435575,0.6682659116,0.6270479375,0.1481266075,0.0883732508,0.1364156035,0.7483537751,0.1726061048,0.3411336588,0.0380795164,0.2227444134,0.0828776268,0.2311222332,0.5222331668,0.1412591177,0.175419698,0.4270683495,0.2037489949,0.3776814703,0.1850308133,0.3117393807,0.2456937117,0.259760248,0.105778273,0.2253426497,0.1068017786,0.1278768669,0.3270035297,0.1174052931,0.2437763336,0.3043752572,0.1494827659,0.1969719763,0.1166682176,0.0752619314,0.7096380725,0.2356799113,0.527906769,0.0697231798,0.1361656624,0.0894417834,0.4002110521,0.1463230433,0.1908455323,0.256581022,0.1341578924,0.3556146794,0.1529192475,0.2548207496,0.123344171,0.1647326535,0.5098808406,0.0922184663,0.120413912,0.131022546,0.2304638587,0.2750497895,0.2529401584,0.5278261823,0.0893377437,0.5753621016,0.3841706317,0.1522408661,0.482255291,0.2842777818,0.3025722657,0.798046104,0.1744212062,0.3261157641,0.1950384864,0.068694289,0.1345618863,0.3746647886,0.3733141898,0.4391535372,0.4172216555,0.4907724692,0.2300251387,0.5323767727,0.1812427351,0.0809853758,0.5317044124,0.1515059389,0.0979830184,0.0599910576,0.2444316577,0.333245874,0.4722270657,0.3155282137],"5.0":[0.390561156,0.1537506523,0.4708733938,0.0938550452,0.5007545197,0.8031596504,0.6891685845,0.0526407344,0.4746622924,0.0881947879,0.7162796212,0.1573421165,0.4378464219,0.2166452594,0.4419482501,0.5562335113,0.2350378942,0.5116556983,0.1357006885,0.8015157413,0.5598551139,0.3798603114,0.6144275345,0.8179412187,0.407463471,0.5658944817,0.658636366,0.3649867117,0.6798598253,0.7696573502,0.2860048055,0.7756221634,0.385574027,0.19734234,0.5743288231,0.5306958875,0.2143060356,0.729773532,0.130811419,0.2717252536,0.6186628223,0.1143690285,0.501177724,0.0938134652,0.4631819762,0.2133442625,0.2902621121,0.2491522405,0.4133865729,0.2405775741,0.8970525599,0.7531194471,0.1904214524,0.6323608884,0.3919560587,0.4982237662,0.1672017815,0.6643750425,0.711644902,0.3466492362,0.762218505,0.4030021751,0.430890133,0.6306023782,0.1502493253,0.5720929472,0.20716446,0.272715343,0.2551147276,0.2705788159,0.5780184116,0.5199162646,0.4908996287,0.3815809859,0.1367503598,0.1473588575,0.4539650872,0.8078035879,0.1003755713,0.3473422586,0.6247397728,0.2514576838,0.1268834084,0.1374289955,0.3043672369,0.4209348745,0.1797407323,0.185899736,0.276513499,0.3912857284,0.2199458214,0.4947357986,0.375810407,0.2121304338,0.5405395868,0.5532600235,0.4660603038,0.1800685856,0.269354551,0.0956936131,0.1227713848,0.3324467769,0.5259748245,0.8896654867,0.1958487992,0.5332653724,0.3774306109,0.2123662481,0.055832824,0.258642659,0.7734101063,0.7461031059,0.5703812145,0.5767692483,0.8068687406,0.1978148265,0.753593816,0.1581888716,0.9659695003,0.1041982549,0.3978360987,0.5470233665,0.0905410071,0.2197792673,0.351117723,0.1574566207,0.5910755924,0.2524580359,0.5001504904,0.1454706897,0.331493074,0.2260967215,0.4169656091,0.5190901844,0.4310120178,0.564911498,0.5172472336,0.6431467144,0.4857293963,0.7686448271,0.1434886266,0.4096517788,0.9230559976,0.2572164357,0.4393975281,0.2396120964,0.1651904714,0.1570028466,0.258972527,0.1658167331],"7.5":[0.2970196713,0.6106752971,0.624629735,0.5922276792,0.7556260664,0.3346401478,0.2799068011,0.9122589455,0.4975674444,0.8127505283,0.2872527677,0.2693604952,0.4310120178,0.6658822671,0.8116549205,0.7706950216,0.6544333846,0.6322909843,0.4497304085,0.1489079657,0.340715173,0.6342842024,0.3787127201,0.2394764115,0.6611211145,0.4583894392,0.7179352682,0.6398479119,0.3873222977,0.6101578523,0.5742318267,0.4554911973,0.8725798449,0.6398479119,0.4626939207,0.2685865385,0.4983820206,0.4782979705,0.718353784,0.6398479119,0.5598551139,0.3903865986,0.4136519299,0.9208360733,0.7718795408,0.8164950966,0.4557159063,0.5361478077,0.1887049015,0.4965467712,0.742203164,0.3243381616,0.8221524622,0.3234031279,0.8686547728,0.2577995513,0.919559495,0.8221524622,0.3531489153,0.6150095254,0.9230559976,0.386875134,0.2233350837,0.5290895018,0.5891261461,0.181883678,0.4764202057,0.7690276933,0.3693271874,0.5824316212,0.4187078151,0.3602985681,0.5891261461,0.7838616724,0.6633090996,0.6032995351,0.3473422586,0.2756663887,0.2792992027,0.7691039485,0.8127072584,0.7127368805,0.6134454599,0.4129173169,0.544255505,0.8116549205,0.1428554026,0.2372468099,0.6398157114,0.8127072584,0.9208360733,0.5582324093,0.1572318278,0.5303828749,0.557662373,0.6398157114,0.8078035879,0.4380103348,0.2929127973,0.6398157114,0.8174959481,0.3234197006,0.2526302814,0.7525004753,0.4049377746,0.263810791,0.7988998247,0.3323208032,0.7679606299,0.1938828333,0.4925330342,0.5728056027,0.2711267637,0.6134454599,0.385574027,0.8221524622,0.6943826684,0.3885494697,0.5679972679,0.9180780559,0.5946389202,0.516213031,0.5445920327,0.4752676261,0.7982440784,0.2648247066,0.5665381789,0.7758005216,0.7754592952,0.8221524622,0.3969290586,0.1279151069,0.3385707664,0.3813374377,0.3385227171,0.3705184148,0.6323608884,0.2463149708,0.7999570913,0.7356889845,0.5227569788,0.7927866918,0.5362272047,0.5578373926,0.2181255549,0.1662896171,0.3395726226,0.5969778977,0.3482225149,0.505336127]},